Method,Execution Time (s),CPU Usage (%),Memory Used (MB),Alignment Length,Gap Percentage (%),Conservation Score
Pair,0.024030685424804688,48.8,0.70703125,3,0.0,0.0
ClustalW,0.047037601470947266,67.9,0.03125,23,30.76923076923077,0.5714285714285714
Genetic Algorithm,13.164839506149292,99.3,2.5078125,23,26.08695652173913,1.0
