Method,Execution Time (s),CPU Usage (%),Memory Used (MB),Alignment Length,Gap Percentage (%),Conservation Score
Pair,0.011091232299804688,0.0,0.21875,3,0.0,0.0
ClustalW,0.036351680755615234,50.4,0.12109375,24,31.818181818181817,0.3333333333333333
Genetic Algorithm,16.292388439178467,98.9,15.84765625,21,14.285714285714285,1.0
