Method,Execution Time (s),CPU Usage (%),Memory Used (MB),Alignment Length,Gap Percentage (%),Conservation Score
Pair,0.016106367111206055,0.0,0.2421875,3,0.0,0.0
ClustalW,0.037859439849853516,99.7,0.171875,21,21.052631578947366,0.5
Genetic Algorithm,3.032686233520508,98.5,1.30078125,18,11.11111111111111,1.0
Pair,0.012436866760253906,104.2,0.0,3,0.0,0.0
ClustalW,0.02675008773803711,97.7,0.0,21,11.76470588235294,0.5333333333333333
Genetic Algorithm,0.5425624847412109,100.2,0.0546875,15,0.0,1.0
